State,Year,State.Year,Votes
Alabama,1920,ALABAMA_1920,12
Arizona,1920,ARIZONA_1920,3
Arkansas,1920,ARKANSAS_1920,9
California,1920,CALIFORNIA_1920,13
Colorado,1920,COLORADO_1920,6
Connecticut,1920,CONNECTICUT_1920,7
Delaware,1920,DELAWARE_1920,3
DC,1920,DC_1920,0
Florida,1920,FLORIDA_1920,6
Georgia,1920,GEORGIA_1920,14
Idaho,1920,IDAHO_1920,4
Illinois,1920,ILLINOIS_1920,29
Indiana,1920,INDIANA_1920,15
Iowa,1920,IOWA_1920,13
Kansas,1920,KANSAS_1920,10
Kentucky,1920,KENTUCKY_1920,13
Louisiana,1920,LOUISIANA_1920,10
Maine,1920,MAINE_1920,6
Maryland,1920,MARYLAND_1920,8
Massachusetts,1920,MASSACHUSETTS_1920,18
Michigan,1920,MICHIGAN_1920,15
Minnesota,1920,MINNESOTA_1920,12
Mississippi,1920,MISSISSIPPI_1920,10
Missouri,1920,MISSOURI_1920,18
Montana,1920,MONTANA_1920,4
Nebraska,1920,NEBRASKA_1920,8
Nevada,1920,NEVADA_1920,3
New Hampshire,1920,NEW HAMPSHIRE_1920,4
New Jersey,1920,NEW JERSEY_1920,14
New Mexico,1920,NEW MEXICO_1920,3
New York,1920,NEW YORK_1920,45
North Carolina,1920,NORTH CAROLINA_1920,12
North Dakota,1920,NORTH DAKOTA_1920,5
Ohio,1920,OHIO_1920,24
Oklahoma,1920,OKLAHOMA_1920,10
Oregon,1920,OREGON_1920,5
Pennsylvania,1920,PENNSYLVANIA_1920,38
Rhode Island,1920,RHODE ISLAND_1920,5
South Carolina,1920,SOUTH CAROLINA_1920,9
South Dakota,1920,SOUTH DAKOTA_1920,5
Tennessee,1920,TENNESSEE_1920,12
Texas,1920,TEXAS_1920,20
Utah,1920,UTAH_1920,4
Vermont,1920,VERMONT_1920,4
Virginia,1920,VIRGINIA_1920,12
Washington,1920,WASHINGTON_1920,7
West Virginia,1920,WEST VIRGINIA_1920,8
Wisconsin,1920,WISCONSIN_1920,13
Wyoming,1920,WYOMING_1920,3
Alabama,1924,ALABAMA_1924,12
Arizona,1924,ARIZONA_1924,3
Arkansas,1924,ARKANSAS_1924,9
California,1924,CALIFORNIA_1924,13
Colorado,1924,COLORADO_1924,6
Connecticut,1924,CONNECTICUT_1924,7
Delaware,1924,DELAWARE_1924,3
DC,1924,DC_1924,0
Florida,1924,FLORIDA_1924,6
Georgia,1924,GEORGIA_1924,14
Idaho,1924,IDAHO_1924,4
Illinois,1924,ILLINOIS_1924,29
Indiana,1924,INDIANA_1924,15
Iowa,1924,IOWA_1924,13
Kansas,1924,KANSAS_1924,10
Kentucky,1924,KENTUCKY_1924,13
Louisiana,1924,LOUISIANA_1924,10
Maine,1924,MAINE_1924,6
Maryland,1924,MARYLAND_1924,8
Massachusetts,1924,MASSACHUSETTS_1924,18
Michigan,1924,MICHIGAN_1924,15
Minnesota,1924,MINNESOTA_1924,12
Mississippi,1924,MISSISSIPPI_1924,10
Missouri,1924,MISSOURI_1924,18
Montana,1924,MONTANA_1924,4
Nebraska,1924,NEBRASKA_1924,8
Nevada,1924,NEVADA_1924,3
New Hampshire,1924,NEW HAMPSHIRE_1924,4
New Jersey,1924,NEW JERSEY_1924,14
New Mexico,1924,NEW MEXICO_1924,3
New York,1924,NEW YORK_1924,45
North Carolina,1924,NORTH CAROLINA_1924,12
North Dakota,1924,NORTH DAKOTA_1924,5
Ohio,1924,OHIO_1924,24
Oklahoma,1924,OKLAHOMA_1924,10
Oregon,1924,OREGON_1924,5
Pennsylvania,1924,PENNSYLVANIA_1924,38
Rhode Island,1924,RHODE ISLAND_1924,5
South Carolina,1924,SOUTH CAROLINA_1924,9
South Dakota,1924,SOUTH DAKOTA_1924,5
Tennessee,1924,TENNESSEE_1924,12
Texas,1924,TEXAS_1924,20
Utah,1924,UTAH_1924,4
Vermont,1924,VERMONT_1924,4
Virginia,1924,VIRGINIA_1924,12
Washington,1924,WASHINGTON_1924,7
West Virginia,1924,WEST VIRGINIA_1924,8
Wisconsin,1924,WISCONSIN_1924,13
Wyoming,1924,WYOMING_1924,3
Alabama,1928,ALABAMA_1928,12
Arizona,1928,ARIZONA_1928,3
Arkansas,1928,ARKANSAS_1928,9
California,1928,CALIFORNIA_1928,13
Colorado,1928,COLORADO_1928,6
Connecticut,1928,CONNECTICUT_1928,7
Delaware,1928,DELAWARE_1928,3
DC,1928,DC_1928,0
Florida,1928,FLORIDA_1928,6
Georgia,1928,GEORGIA_1928,14
Hawaii,1928,HAWAII_1928,
Idaho,1928,IDAHO_1928,4
Illinois,1928,ILLINOIS_1928,29
Indiana,1928,INDIANA_1928,15
Iowa,1928,IOWA_1928,13
Kansas,1928,KANSAS_1928,10
Kentucky,1928,KENTUCKY_1928,13
Louisiana,1928,LOUISIANA_1928,10
Maine,1928,MAINE_1928,6
Maryland,1928,MARYLAND_1928,8
Massachusetts,1928,MASSACHUSETTS_1928,18
Michigan,1928,MICHIGAN_1928,15
Minnesota,1928,MINNESOTA_1928,12
Mississippi,1928,MISSISSIPPI_1928,10
Missouri,1928,MISSOURI_1928,18
Montana,1928,MONTANA_1928,4
Nebraska,1928,NEBRASKA_1928,8
Nevada,1928,NEVADA_1928,3
New Hampshire,1928,NEW HAMPSHIRE_1928,4
New Jersey,1928,NEW JERSEY_1928,14
New Mexico,1928,NEW MEXICO_1928,3
New York,1928,NEW YORK_1928,45
North Carolina,1928,NORTH CAROLINA_1928,12
North Dakota,1928,NORTH DAKOTA_1928,5
Ohio,1928,OHIO_1928,24
Oklahoma,1928,OKLAHOMA_1928,10
Oregon,1928,OREGON_1928,5
Pennsylvania,1928,PENNSYLVANIA_1928,38
Rhode Island,1928,RHODE ISLAND_1928,5
South Carolina,1928,SOUTH CAROLINA_1928,9
South Dakota,1928,SOUTH DAKOTA_1928,5
Tennessee,1928,TENNESSEE_1928,12
Texas,1928,TEXAS_1928,20
Utah,1928,UTAH_1928,4
Vermont,1928,VERMONT_1928,4
Virginia,1928,VIRGINIA_1928,12
Washington,1928,WASHINGTON_1928,7
West Virginia,1928,WEST VIRGINIA_1928,8
Wisconsin,1928,WISCONSIN_1928,13
Wyoming,1928,WYOMING_1928,3
Alabama,1932,ALABAMA_1932,11
Alaska,1932,ALASKA_1932,
Arizona,1932,ARIZONA_1932,3
Arkansas,1932,ARKANSAS_1932,9
California,1932,CALIFORNIA_1932,22
Colorado,1932,COLORADO_1932,6
Connecticut,1932,CONNECTICUT_1932,8
Delaware,1932,DELAWARE_1932,3
DC,1932,DC_1932,0
Florida,1932,FLORIDA_1932,7
Georgia,1932,GEORGIA_1932,12
Idaho,1932,IDAHO_1932,4
Illinois,1932,ILLINOIS_1932,29
Indiana,1932,INDIANA_1932,14
Iowa,1932,IOWA_1932,11
Kansas,1932,KANSAS_1932,9
Kentucky,1932,KENTUCKY_1932,11
Louisiana,1932,LOUISIANA_1932,10
Maine,1932,MAINE_1932,5
Maryland,1932,MARYLAND_1932,8
Massachusetts,1932,MASSACHUSETTS_1932,17
Michigan,1932,MICHIGAN_1932,19
Minnesota,1932,MINNESOTA_1932,11
Mississippi,1932,MISSISSIPPI_1932,9
Missouri,1932,MISSOURI_1932,15
Montana,1932,MONTANA_1932,4
Nebraska,1932,NEBRASKA_1932,7
Nevada,1932,NEVADA_1932,3
New Hampshire,1932,NEW HAMPSHIRE_1932,4
New Jersey,1932,NEW JERSEY_1932,16
New Mexico,1932,NEW MEXICO_1932,3
New York,1932,NEW YORK_1932,47
North Carolina,1932,NORTH CAROLINA_1932,13
North Dakota,1932,NORTH DAKOTA_1932,4
Ohio,1932,OHIO_1932,26
Oklahoma,1932,OKLAHOMA_1932,11
Oregon,1932,OREGON_1932,5
Pennsylvania,1932,PENNSYLVANIA_1932,36
Rhode Island,1932,RHODE ISLAND_1932,4
South Carolina,1932,SOUTH CAROLINA_1932,8
South Dakota,1932,SOUTH DAKOTA_1932,4
Tennessee,1932,TENNESSEE_1932,11
Texas,1932,TEXAS_1932,23
Utah,1932,UTAH_1932,4
Vermont,1932,VERMONT_1932,3
Virginia,1932,VIRGINIA_1932,11
Washington,1932,WASHINGTON_1932,8
West Virginia,1932,WEST VIRGINIA_1932,8
Wisconsin,1932,WISCONSIN_1932,12
Wyoming,1932,WYOMING_1932,3
Alabama,1936,ALABAMA_1936,11
Arizona,1936,ARIZONA_1936,3
Arkansas,1936,ARKANSAS_1936,9
California,1936,CALIFORNIA_1936,22
Colorado,1936,COLORADO_1936,6
Connecticut,1936,CONNECTICUT_1936,8
Delaware,1936,DELAWARE_1936,3
DC,1936,DC_1936,0
Florida,1936,FLORIDA_1936,7
Georgia,1936,GEORGIA_1936,12
Hawaii,1936,HAWAII_1936,
Idaho,1936,IDAHO_1936,4
Illinois,1936,ILLINOIS_1936,29
Indiana,1936,INDIANA_1936,14
Iowa,1936,IOWA_1936,11
Kansas,1936,KANSAS_1936,9
Kentucky,1936,KENTUCKY_1936,11
Louisiana,1936,LOUISIANA_1936,10
Maine,1936,MAINE_1936,5
Maryland,1936,MARYLAND_1936,8
Massachusetts,1936,MASSACHUSETTS_1936,17
Michigan,1936,MICHIGAN_1936,19
Minnesota,1936,MINNESOTA_1936,11
Mississippi,1936,MISSISSIPPI_1936,9
Missouri,1936,MISSOURI_1936,15
Montana,1936,MONTANA_1936,4
Nebraska,1936,NEBRASKA_1936,7
Nevada,1936,NEVADA_1936,3
New Hampshire,1936,NEW HAMPSHIRE_1936,4
New Jersey,1936,NEW JERSEY_1936,16
New Mexico,1936,NEW MEXICO_1936,3
New York,1936,NEW YORK_1936,47
North Carolina,1936,NORTH CAROLINA_1936,13
North Dakota,1936,NORTH DAKOTA_1936,4
Ohio,1936,OHIO_1936,26
Oklahoma,1936,OKLAHOMA_1936,11
Oregon,1936,OREGON_1936,5
Pennsylvania,1936,PENNSYLVANIA_1936,36
Rhode Island,1936,RHODE ISLAND_1936,4
South Carolina,1936,SOUTH CAROLINA_1936,8
South Dakota,1936,SOUTH DAKOTA_1936,4
Tennessee,1936,TENNESSEE_1936,11
Texas,1936,TEXAS_1936,23
Utah,1936,UTAH_1936,4
Vermont,1936,VERMONT_1936,3
Virginia,1936,VIRGINIA_1936,11
Washington,1936,WASHINGTON_1936,8
West Virginia,1936,WEST VIRGINIA_1936,8
Wisconsin,1936,WISCONSIN_1936,12
Wyoming,1936,WYOMING_1936,3
Alabama,1940,ALABAMA_1940,11
Arizona,1940,ARIZONA_1940,3
Arkansas,1940,ARKANSAS_1940,9
California,1940,CALIFORNIA_1940,22
Colorado,1940,COLORADO_1940,6
Connecticut,1940,CONNECTICUT_1940,8
Delaware,1940,DELAWARE_1940,3
DC,1940,DC_1940,0
Florida,1940,FLORIDA_1940,7
Georgia,1940,GEORGIA_1940,12
Idaho,1940,IDAHO_1940,4
Illinois,1940,ILLINOIS_1940,29
Indiana,1940,INDIANA_1940,14
Iowa,1940,IOWA_1940,11
Kansas,1940,KANSAS_1940,9
Kentucky,1940,KENTUCKY_1940,11
Louisiana,1940,LOUISIANA_1940,10
Maine,1940,MAINE_1940,5
Maryland,1940,MARYLAND_1940,8
Massachusetts,1940,MASSACHUSETTS_1940,17
Michigan,1940,MICHIGAN_1940,19
Minnesota,1940,MINNESOTA_1940,11
Mississippi,1940,MISSISSIPPI_1940,9
Missouri,1940,MISSOURI_1940,15
Montana,1940,MONTANA_1940,4
Nebraska,1940,NEBRASKA_1940,7
Nevada,1940,NEVADA_1940,3
New Hampshire,1940,NEW HAMPSHIRE_1940,4
New Jersey,1940,NEW JERSEY_1940,16
New Mexico,1940,NEW MEXICO_1940,3
New York,1940,NEW YORK_1940,47
North Carolina,1940,NORTH CAROLINA_1940,13
North Dakota,1940,NORTH DAKOTA_1940,4
Ohio,1940,OHIO_1940,26
Oklahoma,1940,OKLAHOMA_1940,11
Oregon,1940,OREGON_1940,5
Pennsylvania,1940,PENNSYLVANIA_1940,36
Rhode Island,1940,RHODE ISLAND_1940,4
South Carolina,1940,SOUTH CAROLINA_1940,8
South Dakota,1940,SOUTH DAKOTA_1940,4
Tennessee,1940,TENNESSEE_1940,11
Texas,1940,TEXAS_1940,23
Utah,1940,UTAH_1940,4
Vermont,1940,VERMONT_1940,3
Virginia,1940,VIRGINIA_1940,11
Washington,1940,WASHINGTON_1940,8
West Virginia,1940,WEST VIRGINIA_1940,8
Wisconsin,1940,WISCONSIN_1940,12
Wyoming,1940,WYOMING_1940,3
Alabama,1944,ALABAMA_1944,11
Arizona,1944,ARIZONA_1944,4
Arkansas,1944,ARKANSAS_1944,9
California,1944,CALIFORNIA_1944,25
Colorado,1944,COLORADO_1944,6
Connecticut,1944,CONNECTICUT_1944,8
Delaware,1944,DELAWARE_1944,3
DC,1944,DC_1944,0
Florida,1944,FLORIDA_1944,8
Georgia,1944,GEORGIA_1944,12
Idaho,1944,IDAHO_1944,4
Illinois,1944,ILLINOIS_1944,28
Indiana,1944,INDIANA_1944,13
Iowa,1944,IOWA_1944,10
Kansas,1944,KANSAS_1944,8
Kentucky,1944,KENTUCKY_1944,11
Louisiana,1944,LOUISIANA_1944,10
Maine,1944,MAINE_1944,5
Maryland,1944,MARYLAND_1944,8
Massachusetts,1944,MASSACHUSETTS_1944,16
Michigan,1944,MICHIGAN_1944,19
Minnesota,1944,MINNESOTA_1944,11
Mississippi,1944,MISSISSIPPI_1944,9
Missouri,1944,MISSOURI_1944,15
Montana,1944,MONTANA_1944,4
Nebraska,1944,NEBRASKA_1944,6
Nevada,1944,NEVADA_1944,3
New Hampshire,1944,NEW HAMPSHIRE_1944,4
New Jersey,1944,NEW JERSEY_1944,16
New Mexico,1944,NEW MEXICO_1944,4
New York,1944,NEW YORK_1944,47
North Carolina,1944,NORTH CAROLINA_1944,14
North Dakota,1944,NORTH DAKOTA_1944,4
Ohio,1944,OHIO_1944,25
Oklahoma,1944,OKLAHOMA_1944,10
Oregon,1944,OREGON_1944,6
Pennsylvania,1944,PENNSYLVANIA_1944,35
Rhode Island,1944,RHODE ISLAND_1944,4
South Carolina,1944,SOUTH CAROLINA_1944,8
South Dakota,1944,SOUTH DAKOTA_1944,4
Tennessee,1944,TENNESSEE_1944,12
Texas,1944,TEXAS_1944,23
Utah,1944,UTAH_1944,4
Vermont,1944,VERMONT_1944,3
Virginia,1944,VIRGINIA_1944,11
Washington,1944,WASHINGTON_1944,8
West Virginia,1944,WEST VIRGINIA_1944,8
Wisconsin,1944,WISCONSIN_1944,12
Wyoming,1944,WYOMING_1944,3
Alabama,1948,ALABAMA_1948,11
Arizona,1948,ARIZONA_1948,4
Arkansas,1948,ARKANSAS_1948,9
California,1948,CALIFORNIA_1948,25
Colorado,1948,COLORADO_1948,6
Connecticut,1948,CONNECTICUT_1948,8
Delaware,1948,DELAWARE_1948,3
DC,1948,DC_1948,0
Florida,1948,FLORIDA_1948,8
Georgia,1948,GEORGIA_1948,12
Idaho,1948,IDAHO_1948,4
Illinois,1948,ILLINOIS_1948,28
Indiana,1948,INDIANA_1948,13
Iowa,1948,IOWA_1948,10
Kansas,1948,KANSAS_1948,8
Kentucky,1948,KENTUCKY_1948,11
Louisiana,1948,LOUISIANA_1948,10
Maine,1948,MAINE_1948,5
Maryland,1948,MARYLAND_1948,8
Massachusetts,1948,MASSACHUSETTS_1948,16
Michigan,1948,MICHIGAN_1948,19
Minnesota,1948,MINNESOTA_1948,11
Mississippi,1948,MISSISSIPPI_1948,9
Missouri,1948,MISSOURI_1948,15
Montana,1948,MONTANA_1948,4
Nebraska,1948,NEBRASKA_1948,6
Nevada,1948,NEVADA_1948,3
New Hampshire,1948,NEW HAMPSHIRE_1948,4
New Jersey,1948,NEW JERSEY_1948,16
New Mexico,1948,NEW MEXICO_1948,4
New York,1948,NEW YORK_1948,47
North Carolina,1948,NORTH CAROLINA_1948,14
North Dakota,1948,NORTH DAKOTA_1948,4
Ohio,1948,OHIO_1948,25
Oklahoma,1948,OKLAHOMA_1948,10
Oregon,1948,OREGON_1948,6
Pennsylvania,1948,PENNSYLVANIA_1948,35
Rhode Island,1948,RHODE ISLAND_1948,4
South Carolina,1948,SOUTH CAROLINA_1948,8
South Dakota,1948,SOUTH DAKOTA_1948,4
Tennessee,1948,TENNESSEE_1948,12
Texas,1948,TEXAS_1948,23
Utah,1948,UTAH_1948,4
Vermont,1948,VERMONT_1948,3
Virginia,1948,VIRGINIA_1948,11
Washington,1948,WASHINGTON_1948,8
West Virginia,1948,WEST VIRGINIA_1948,8
Wisconsin,1948,WISCONSIN_1948,12
Wyoming,1948,WYOMING_1948,3
Alabama,1952,ALABAMA_1952,11
Arizona,1952,ARIZONA_1952,4
Arkansas,1952,ARKANSAS_1952,8
California,1952,CALIFORNIA_1952,32
Colorado,1952,COLORADO_1952,6
Connecticut,1952,CONNECTICUT_1952,8
Delaware,1952,DELAWARE_1952,3
DC,1952,DC_1952,0
Florida,1952,FLORIDA_1952,10
Georgia,1952,GEORGIA_1952,12
Idaho,1952,IDAHO_1952,4
Illinois,1952,ILLINOIS_1952,27
Indiana,1952,INDIANA_1952,13
Iowa,1952,IOWA_1952,10
Kansas,1952,KANSAS_1952,8
Kentucky,1952,KENTUCKY_1952,10
Louisiana,1952,LOUISIANA_1952,10
Maine,1952,MAINE_1952,5
Maryland,1952,MARYLAND_1952,9
Massachusetts,1952,MASSACHUSETTS_1952,16
Michigan,1952,MICHIGAN_1952,20
Minnesota,1952,MINNESOTA_1952,11
Mississippi,1952,MISSISSIPPI_1952,8
Missouri,1952,MISSOURI_1952,13
Montana,1952,MONTANA_1952,4
Nebraska,1952,NEBRASKA_1952,6
Nevada,1952,NEVADA_1952,3
New Hampshire,1952,NEW HAMPSHIRE_1952,4
New Jersey,1952,NEW JERSEY_1952,16
New Mexico,1952,NEW MEXICO_1952,4
New York,1952,NEW YORK_1952,45
North Carolina,1952,NORTH CAROLINA_1952,14
North Dakota,1952,NORTH DAKOTA_1952,4
Ohio,1952,OHIO_1952,25
Oklahoma,1952,OKLAHOMA_1952,8
Oregon,1952,OREGON_1952,6
Pennsylvania,1952,PENNSYLVANIA_1952,32
Rhode Island,1952,RHODE ISLAND_1952,4
South Carolina,1952,SOUTH CAROLINA_1952,8
South Dakota,1952,SOUTH DAKOTA_1952,4
Tennessee,1952,TENNESSEE_1952,11
Texas,1952,TEXAS_1952,24
Utah,1952,UTAH_1952,4
Vermont,1952,VERMONT_1952,3
Virginia,1952,VIRGINIA_1952,12
Washington,1952,WASHINGTON_1952,9
West Virginia,1952,WEST VIRGINIA_1952,8
Wisconsin,1952,WISCONSIN_1952,12
Wyoming,1952,WYOMING_1952,3
Alabama,1956,ALABAMA_1956,11
Arizona,1956,ARIZONA_1956,4
Arkansas,1956,ARKANSAS_1956,8
California,1956,CALIFORNIA_1956,32
Colorado,1956,COLORADO_1956,6
Connecticut,1956,CONNECTICUT_1956,8
Delaware,1956,DELAWARE_1956,3
DC,1956,DC_1956,0
Florida,1956,FLORIDA_1956,10
Georgia,1956,GEORGIA_1956,12
Idaho,1956,IDAHO_1956,4
Illinois,1956,ILLINOIS_1956,27
Indiana,1956,INDIANA_1956,13
Iowa,1956,IOWA_1956,10
Kansas,1956,KANSAS_1956,8
Kentucky,1956,KENTUCKY_1956,10
Louisiana,1956,LOUISIANA_1956,10
Maine,1956,MAINE_1956,5
Maryland,1956,MARYLAND_1956,9
Massachusetts,1956,MASSACHUSETTS_1956,16
Michigan,1956,MICHIGAN_1956,20
Minnesota,1956,MINNESOTA_1956,11
Mississippi,1956,MISSISSIPPI_1956,8
Missouri,1956,MISSOURI_1956,13
Montana,1956,MONTANA_1956,4
Nebraska,1956,NEBRASKA_1956,6
Nevada,1956,NEVADA_1956,3
New Hampshire,1956,NEW HAMPSHIRE_1956,4
New Jersey,1956,NEW JERSEY_1956,16
New Mexico,1956,NEW MEXICO_1956,4
New York,1956,NEW YORK_1956,45
North Carolina,1956,NORTH CAROLINA_1956,14
North Dakota,1956,NORTH DAKOTA_1956,4
Ohio,1956,OHIO_1956,25
Oklahoma,1956,OKLAHOMA_1956,8
Oregon,1956,OREGON_1956,6
Pennsylvania,1956,PENNSYLVANIA_1956,32
Rhode Island,1956,RHODE ISLAND_1956,4
South Carolina,1956,SOUTH CAROLINA_1956,8
South Dakota,1956,SOUTH DAKOTA_1956,4
Tennessee,1956,TENNESSEE_1956,11
Texas,1956,TEXAS_1956,24
Utah,1956,UTAH_1956,4
Vermont,1956,VERMONT_1956,3
Virginia,1956,VIRGINIA_1956,12
Washington,1956,WASHINGTON_1956,9
West Virginia,1956,WEST VIRGINIA_1956,8
Wisconsin,1956,WISCONSIN_1956,12
Wyoming,1956,WYOMING_1956,3
Alabama,1960,ALABAMA_1960,11
Alaska,1960,ALASKA_1960,3
Arizona,1960,ARIZONA_1960,4
Arkansas,1960,ARKANSAS_1960,8
California,1960,CALIFORNIA_1960,32
Colorado,1960,COLORADO_1960,6
Connecticut,1960,CONNECTICUT_1960,8
Delaware,1960,DELAWARE_1960,3
DC,1960,DC_1960,0
Florida,1960,FLORIDA_1960,10
Georgia,1960,GEORGIA_1960,12
Hawaii,1960,HAWAII_1960,3
Idaho,1960,IDAHO_1960,4
Illinois,1960,ILLINOIS_1960,27
Indiana,1960,INDIANA_1960,13
Iowa,1960,IOWA_1960,10
Kansas,1960,KANSAS_1960,8
Kentucky,1960,KENTUCKY_1960,10
Louisiana,1960,LOUISIANA_1960,10
Maine,1960,MAINE_1960,5
Maryland,1960,MARYLAND_1960,9
Massachusetts,1960,MASSACHUSETTS_1960,16
Michigan,1960,MICHIGAN_1960,20
Minnesota,1960,MINNESOTA_1960,11
Mississippi,1960,MISSISSIPPI_1960,8
Missouri,1960,MISSOURI_1960,13
Montana,1960,MONTANA_1960,4
Nebraska,1960,NEBRASKA_1960,6
Nevada,1960,NEVADA_1960,3
New Hampshire,1960,NEW HAMPSHIRE_1960,4
New Jersey,1960,NEW JERSEY_1960,16
New Mexico,1960,NEW MEXICO_1960,4
New York,1960,NEW YORK_1960,45
North Carolina,1960,NORTH CAROLINA_1960,14
North Dakota,1960,NORTH DAKOTA_1960,4
Ohio,1960,OHIO_1960,25
Oklahoma,1960,OKLAHOMA_1960,8
Oregon,1960,OREGON_1960,6
Pennsylvania,1960,PENNSYLVANIA_1960,32
Rhode Island,1960,RHODE ISLAND_1960,4
South Carolina,1960,SOUTH CAROLINA_1960,8
South Dakota,1960,SOUTH DAKOTA_1960,4
Tennessee,1960,TENNESSEE_1960,11
Texas,1960,TEXAS_1960,24
Utah,1960,UTAH_1960,4
Vermont,1960,VERMONT_1960,3
Virginia,1960,VIRGINIA_1960,12
Washington,1960,WASHINGTON_1960,9
West Virginia,1960,WEST VIRGINIA_1960,8
Wisconsin,1960,WISCONSIN_1960,12
Wyoming,1960,WYOMING_1960,3
Alabama,1964,ALABAMA_1964,10
Alaska,1964,ALASKA_1964,3
Arizona,1964,ARIZONA_1964,5
Arkansas,1964,ARKANSAS_1964,6
California,1964,CALIFORNIA_1964,40
Colorado,1964,COLORADO_1964,6
Connecticut,1964,CONNECTICUT_1964,8
Delaware,1964,DELAWARE_1964,3
DC,1964,DC_1964,3
Florida,1964,FLORIDA_1964,14
Georgia,1964,GEORGIA_1964,12
Hawaii,1964,HAWAII_1964,4
Idaho,1964,IDAHO_1964,4
Illinois,1964,ILLINOIS_1964,26
Indiana,1964,INDIANA_1964,13
Iowa,1964,IOWA_1964,9
Kansas,1964,KANSAS_1964,7
Kentucky,1964,KENTUCKY_1964,9
Louisiana,1964,LOUISIANA_1964,10
Maine,1964,MAINE_1964,4
Maryland,1964,MARYLAND_1964,10
Massachusetts,1964,MASSACHUSETTS_1964,14
Michigan,1964,MICHIGAN_1964,21
Minnesota,1964,MINNESOTA_1964,10
Mississippi,1964,MISSISSIPPI_1964,7
Missouri,1964,MISSOURI_1964,12
Montana,1964,MONTANA_1964,4
Nebraska,1964,NEBRASKA_1964,5
Nevada,1964,NEVADA_1964,3
New Hampshire,1964,NEW HAMPSHIRE_1964,4
New Jersey,1964,NEW JERSEY_1964,17
New Mexico,1964,NEW MEXICO_1964,4
New York,1964,NEW YORK_1964,43
North Carolina,1964,NORTH CAROLINA_1964,13
North Dakota,1964,NORTH DAKOTA_1964,4
Ohio,1964,OHIO_1964,26
Oklahoma,1964,OKLAHOMA_1964,8
Oregon,1964,OREGON_1964,6
Pennsylvania,1964,PENNSYLVANIA_1964,29
Rhode Island,1964,RHODE ISLAND_1964,4
South Carolina,1964,SOUTH CAROLINA_1964,8
South Dakota,1964,SOUTH DAKOTA_1964,4
Tennessee,1964,TENNESSEE_1964,11
Texas,1964,TEXAS_1964,25
Utah,1964,UTAH_1964,4
Vermont,1964,VERMONT_1964,3
Virginia,1964,VIRGINIA_1964,12
Washington,1964,WASHINGTON_1964,9
West Virginia,1964,WEST VIRGINIA_1964,7
Wisconsin,1964,WISCONSIN_1964,12
Wyoming,1964,WYOMING_1964,3
Alabama,1968,ALABAMA_1968,10
Alaska,1968,ALASKA_1968,3
Arizona,1968,ARIZONA_1968,5
Arkansas,1968,ARKANSAS_1968,6
California,1968,CALIFORNIA_1968,40
Colorado,1968,COLORADO_1968,6
Connecticut,1968,CONNECTICUT_1968,8
Delaware,1968,DELAWARE_1968,3
DC,1968,DC_1968,3
Florida,1968,FLORIDA_1968,14
Georgia,1968,GEORGIA_1968,12
Hawaii,1968,HAWAII_1968,4
Idaho,1968,IDAHO_1968,4
Illinois,1968,ILLINOIS_1968,26
Indiana,1968,INDIANA_1968,13
Iowa,1968,IOWA_1968,9
Kansas,1968,KANSAS_1968,7
Kentucky,1968,KENTUCKY_1968,9
Louisiana,1968,LOUISIANA_1968,10
Maine,1968,MAINE_1968,4
Maryland,1968,MARYLAND_1968,10
Massachusetts,1968,MASSACHUSETTS_1968,14
Michigan,1968,MICHIGAN_1968,21
Minnesota,1968,MINNESOTA_1968,10
Mississippi,1968,MISSISSIPPI_1968,7
Missouri,1968,MISSOURI_1968,12
Montana,1968,MONTANA_1968,4
Nebraska,1968,NEBRASKA_1968,5
Nevada,1968,NEVADA_1968,3
New Hampshire,1968,NEW HAMPSHIRE_1968,4
New Jersey,1968,NEW JERSEY_1968,17
New Mexico,1968,NEW MEXICO_1968,4
New York,1968,NEW YORK_1968,43
North Carolina,1968,NORTH CAROLINA_1968,13
North Dakota,1968,NORTH DAKOTA_1968,4
Ohio,1968,OHIO_1968,26
Oklahoma,1968,OKLAHOMA_1968,8
Oregon,1968,OREGON_1968,6
Pennsylvania,1968,PENNSYLVANIA_1968,29
Rhode Island,1968,RHODE ISLAND_1968,4
South Carolina,1968,SOUTH CAROLINA_1968,8
South Dakota,1968,SOUTH DAKOTA_1968,4
Tennessee,1968,TENNESSEE_1968,11
Texas,1968,TEXAS_1968,25
Utah,1968,UTAH_1968,4
Vermont,1968,VERMONT_1968,3
Virginia,1968,VIRGINIA_1968,12
Washington,1968,WASHINGTON_1968,9
West Virginia,1968,WEST VIRGINIA_1968,7
Wisconsin,1968,WISCONSIN_1968,12
Wyoming,1968,WYOMING_1968,3
Alabama,1972,ALABAMA_1972,9
Alaska,1972,ALASKA_1972,3
Arizona,1972,ARIZONA_1972,6
Arkansas,1972,ARKANSAS_1972,6
California,1972,CALIFORNIA_1972,45
Colorado,1972,COLORADO_1972,7
Connecticut,1972,CONNECTICUT_1972,8
Delaware,1972,DELAWARE_1972,3
DC,1972,DC_1972,3
Florida,1972,FLORIDA_1972,17
Georgia,1972,GEORGIA_1972,12
Hawaii,1972,HAWAII_1972,4
Idaho,1972,IDAHO_1972,4
Illinois,1972,ILLINOIS_1972,26
Indiana,1972,INDIANA_1972,13
Iowa,1972,IOWA_1972,8
Kansas,1972,KANSAS_1972,7
Kentucky,1972,KENTUCKY_1972,9
Louisiana,1972,LOUISIANA_1972,10
Maine,1972,MAINE_1972,4
Maryland,1972,MARYLAND_1972,10
Massachusetts,1972,MASSACHUSETTS_1972,14
Michigan,1972,MICHIGAN_1972,21
Minnesota,1972,MINNESOTA_1972,10
Mississippi,1972,MISSISSIPPI_1972,7
Missouri,1972,MISSOURI_1972,12
Montana,1972,MONTANA_1972,4
Nebraska,1972,NEBRASKA_1972,5
Nevada,1972,NEVADA_1972,3
New Hampshire,1972,NEW HAMPSHIRE_1972,4
New Jersey,1972,NEW JERSEY_1972,17
New Mexico,1972,NEW MEXICO_1972,4
New York,1972,NEW YORK_1972,41
North Carolina,1972,NORTH CAROLINA_1972,13
North Dakota,1972,NORTH DAKOTA_1972,3
Ohio,1972,OHIO_1972,25
Oklahoma,1972,OKLAHOMA_1972,8
Oregon,1972,OREGON_1972,6
Pennsylvania,1972,PENNSYLVANIA_1972,27
Rhode Island,1972,RHODE ISLAND_1972,4
South Carolina,1972,SOUTH CAROLINA_1972,8
South Dakota,1972,SOUTH DAKOTA_1972,4
Tennessee,1972,TENNESSEE_1972,10
Texas,1972,TEXAS_1972,26
Utah,1972,UTAH_1972,4
Vermont,1972,VERMONT_1972,3
Virginia,1972,VIRGINIA_1972,12
Washington,1972,WASHINGTON_1972,9
West Virginia,1972,WEST VIRGINIA_1972,6
Wisconsin,1972,WISCONSIN_1972,11
Wyoming,1972,WYOMING_1972,3
Alabama,1976,ALABAMA_1976,9
Alaska,1976,ALASKA_1976,3
Arizona,1976,ARIZONA_1976,6
Arkansas,1976,ARKANSAS_1976,6
California,1976,CALIFORNIA_1976,45
Colorado,1976,COLORADO_1976,7
Connecticut,1976,CONNECTICUT_1976,8
Delaware,1976,DELAWARE_1976,3
DC,1976,DC_1976,3
Florida,1976,FLORIDA_1976,17
Georgia,1976,GEORGIA_1976,12
Hawaii,1976,HAWAII_1976,4
Idaho,1976,IDAHO_1976,4
Illinois,1976,ILLINOIS_1976,26
Indiana,1976,INDIANA_1976,13
Iowa,1976,IOWA_1976,8
Kansas,1976,KANSAS_1976,7
Kentucky,1976,KENTUCKY_1976,9
Louisiana,1976,LOUISIANA_1976,10
Maine,1976,MAINE_1976,4
Maryland,1976,MARYLAND_1976,10
Massachusetts,1976,MASSACHUSETTS_1976,14
Michigan,1976,MICHIGAN_1976,21
Minnesota,1976,MINNESOTA_1976,10
Mississippi,1976,MISSISSIPPI_1976,7
Missouri,1976,MISSOURI_1976,12
Montana,1976,MONTANA_1976,4
Nebraska,1976,NEBRASKA_1976,5
Nevada,1976,NEVADA_1976,3
New Hampshire,1976,NEW HAMPSHIRE_1976,4
New Jersey,1976,NEW JERSEY_1976,17
New Mexico,1976,NEW MEXICO_1976,4
New York,1976,NEW YORK_1976,41
North Carolina,1976,NORTH CAROLINA_1976,13
North Dakota,1976,NORTH DAKOTA_1976,3
Ohio,1976,OHIO_1976,25
Oklahoma,1976,OKLAHOMA_1976,8
Oregon,1976,OREGON_1976,6
Pennsylvania,1976,PENNSYLVANIA_1976,27
Rhode Island,1976,RHODE ISLAND_1976,4
South Carolina,1976,SOUTH CAROLINA_1976,8
South Dakota,1976,SOUTH DAKOTA_1976,4
Tennessee,1976,TENNESSEE_1976,10
Texas,1976,TEXAS_1976,26
Utah,1976,UTAH_1976,4
Vermont,1976,VERMONT_1976,3
Virginia,1976,VIRGINIA_1976,12
Washington,1976,WASHINGTON_1976,9
West Virginia,1976,WEST VIRGINIA_1976,6
Wisconsin,1976,WISCONSIN_1976,11
Wyoming,1976,WYOMING_1976,3
Alabama,1980,ALABAMA_1980,9
Alaska,1980,ALASKA_1980,3
Arizona,1980,ARIZONA_1980,6
Arkansas,1980,ARKANSAS_1980,6
California,1980,CALIFORNIA_1980,45
Colorado,1980,COLORADO_1980,7
Connecticut,1980,CONNECTICUT_1980,8
Delaware,1980,DELAWARE_1980,3
DC,1980,DC_1980,3
Florida,1980,FLORIDA_1980,17
Georgia,1980,GEORGIA_1980,12
Hawaii,1980,HAWAII_1980,4
Idaho,1980,IDAHO_1980,4
Illinois,1980,ILLINOIS_1980,26
Indiana,1980,INDIANA_1980,13
Iowa,1980,IOWA_1980,8
Kansas,1980,KANSAS_1980,7
Kentucky,1980,KENTUCKY_1980,9
Louisiana,1980,LOUISIANA_1980,10
Maine,1980,MAINE_1980,4
Maryland,1980,MARYLAND_1980,10
Massachusetts,1980,MASSACHUSETTS_1980,14
Michigan,1980,MICHIGAN_1980,21
Minnesota,1980,MINNESOTA_1980,10
Mississippi,1980,MISSISSIPPI_1980,7
Missouri,1980,MISSOURI_1980,12
Montana,1980,MONTANA_1980,4
Nebraska,1980,NEBRASKA_1980,5
Nevada,1980,NEVADA_1980,3
New Hampshire,1980,NEW HAMPSHIRE_1980,4
New Jersey,1980,NEW JERSEY_1980,17
New Mexico,1980,NEW MEXICO_1980,4
New York,1980,NEW YORK_1980,41
North Carolina,1980,NORTH CAROLINA_1980,13
North Dakota,1980,NORTH DAKOTA_1980,3
Ohio,1980,OHIO_1980,25
Oklahoma,1980,OKLAHOMA_1980,8
Oregon,1980,OREGON_1980,6
Pennsylvania,1980,PENNSYLVANIA_1980,27
Rhode Island,1980,RHODE ISLAND_1980,4
South Carolina,1980,SOUTH CAROLINA_1980,8
South Dakota,1980,SOUTH DAKOTA_1980,4
Tennessee,1980,TENNESSEE_1980,10
Texas,1980,TEXAS_1980,26
Utah,1980,UTAH_1980,4
Vermont,1980,VERMONT_1980,3
Virginia,1980,VIRGINIA_1980,12
Washington,1980,WASHINGTON_1980,9
West Virginia,1980,WEST VIRGINIA_1980,6
Wisconsin,1980,WISCONSIN_1980,11
Wyoming,1980,WYOMING_1980,3
Alabama,1984,ALABAMA_1984,9
Alaska,1984,ALASKA_1984,3
Arizona,1984,ARIZONA_1984,7
Arkansas,1984,ARKANSAS_1984,6
California,1984,CALIFORNIA_1984,47
Colorado,1984,COLORADO_1984,8
Connecticut,1984,CONNECTICUT_1984,8
Delaware,1984,DELAWARE_1984,3
DC,1984,DC_1984,3
Florida,1984,FLORIDA_1984,21
Georgia,1984,GEORGIA_1984,12
Hawaii,1984,HAWAII_1984,4
Idaho,1984,IDAHO_1984,4
Illinois,1984,ILLINOIS_1984,24
Indiana,1984,INDIANA_1984,12
Iowa,1984,IOWA_1984,8
Kansas,1984,KANSAS_1984,7
Kentucky,1984,KENTUCKY_1984,9
Louisiana,1984,LOUISIANA_1984,10
Maine,1984,MAINE_1984,4
Maryland,1984,MARYLAND_1984,10
Massachusetts,1984,MASSACHUSETTS_1984,13
Michigan,1984,MICHIGAN_1984,20
Minnesota,1984,MINNESOTA_1984,10
Mississippi,1984,MISSISSIPPI_1984,7
Missouri,1984,MISSOURI_1984,11
Montana,1984,MONTANA_1984,4
Nebraska,1984,NEBRASKA_1984,5
Nevada,1984,NEVADA_1984,4
New Hampshire,1984,NEW HAMPSHIRE_1984,4
New Jersey,1984,NEW JERSEY_1984,16
New Mexico,1984,NEW MEXICO_1984,5
New York,1984,NEW YORK_1984,36
North Carolina,1984,NORTH CAROLINA_1984,13
North Dakota,1984,NORTH DAKOTA_1984,3
Ohio,1984,OHIO_1984,23
Oklahoma,1984,OKLAHOMA_1984,8
Oregon,1984,OREGON_1984,7
Pennsylvania,1984,PENNSYLVANIA_1984,25
Rhode Island,1984,RHODE ISLAND_1984,4
South Carolina,1984,SOUTH CAROLINA_1984,8
South Dakota,1984,SOUTH DAKOTA_1984,3
Tennessee,1984,TENNESSEE_1984,11
Texas,1984,TEXAS_1984,29
Utah,1984,UTAH_1984,5
Vermont,1984,VERMONT_1984,3
Virginia,1984,VIRGINIA_1984,12
Washington,1984,WASHINGTON_1984,10
West Virginia,1984,WEST VIRGINIA_1984,6
Wisconsin,1984,WISCONSIN_1984,11
Wyoming,1984,WYOMING_1984,3
Alabama,1988,ALABAMA_1988,9
Alaska,1988,ALASKA_1988,3
Arizona,1988,ARIZONA_1988,7
Arkansas,1988,ARKANSAS_1988,6
California,1988,CALIFORNIA_1988,47
Colorado,1988,COLORADO_1988,8
Connecticut,1988,CONNECTICUT_1988,8
Delaware,1988,DELAWARE_1988,3
DC,1988,DC_1988,3
Florida,1988,FLORIDA_1988,21
Georgia,1988,GEORGIA_1988,12
Hawaii,1988,HAWAII_1988,4
Idaho,1988,IDAHO_1988,4
Illinois,1988,ILLINOIS_1988,24
Indiana,1988,INDIANA_1988,12
Iowa,1988,IOWA_1988,8
Kansas,1988,KANSAS_1988,7
Kentucky,1988,KENTUCKY_1988,9
Louisiana,1988,LOUISIANA_1988,10
Maine,1988,MAINE_1988,4
Maryland,1988,MARYLAND_1988,10
Massachusetts,1988,MASSACHUSETTS_1988,13
Michigan,1988,MICHIGAN_1988,20
Minnesota,1988,MINNESOTA_1988,10
Mississippi,1988,MISSISSIPPI_1988,7
Missouri,1988,MISSOURI_1988,11
Montana,1988,MONTANA_1988,4
Nebraska,1988,NEBRASKA_1988,5
Nevada,1988,NEVADA_1988,4
New Hampshire,1988,NEW HAMPSHIRE_1988,4
New Jersey,1988,NEW JERSEY_1988,16
New Mexico,1988,NEW MEXICO_1988,5
New York,1988,NEW YORK_1988,36
North Carolina,1988,NORTH CAROLINA_1988,13
North Dakota,1988,NORTH DAKOTA_1988,3
Ohio,1988,OHIO_1988,23
Oklahoma,1988,OKLAHOMA_1988,8
Oregon,1988,OREGON_1988,7
Pennsylvania,1988,PENNSYLVANIA_1988,25
Rhode Island,1988,RHODE ISLAND_1988,4
South Carolina,1988,SOUTH CAROLINA_1988,8
South Dakota,1988,SOUTH DAKOTA_1988,3
Tennessee,1988,TENNESSEE_1988,11
Texas,1988,TEXAS_1988,29
Utah,1988,UTAH_1988,5
Vermont,1988,VERMONT_1988,3
Virginia,1988,VIRGINIA_1988,12
Washington,1988,WASHINGTON_1988,10
West Virginia,1988,WEST VIRGINIA_1988,6
Wisconsin,1988,WISCONSIN_1988,11
Wyoming,1988,WYOMING_1988,3
Alabama,1992,ALABAMA_1992,9
Alaska,1992,ALASKA_1992,3
Arizona,1992,ARIZONA_1992,8
Arkansas,1992,ARKANSAS_1992,6
California,1992,CALIFORNIA_1992,54
Colorado,1992,COLORADO_1992,8
Connecticut,1992,CONNECTICUT_1992,8
Delaware,1992,DELAWARE_1992,3
DC,1992,DC_1992,3
Florida,1992,FLORIDA_1992,25
Georgia,1992,GEORGIA_1992,13
Hawaii,1992,HAWAII_1992,4
Idaho,1992,IDAHO_1992,4
Illinois,1992,ILLINOIS_1992,22
Indiana,1992,INDIANA_1992,12
Iowa,1992,IOWA_1992,7
Kansas,1992,KANSAS_1992,6
Kentucky,1992,KENTUCKY_1992,8
Louisiana,1992,LOUISIANA_1992,9
Maine,1992,MAINE_1992,4
Maryland,1992,MARYLAND_1992,10
Massachusetts,1992,MASSACHUSETTS_1992,12
Michigan,1992,MICHIGAN_1992,18
Minnesota,1992,MINNESOTA_1992,10
Mississippi,1992,MISSISSIPPI_1992,7
Missouri,1992,MISSOURI_1992,11
Montana,1992,MONTANA_1992,3
Nebraska,1992,NEBRASKA_1992,5
Nevada,1992,NEVADA_1992,4
New Hampshire,1992,NEW HAMPSHIRE_1992,4
New Jersey,1992,NEW JERSEY_1992,15
New Mexico,1992,NEW MEXICO_1992,5
New York,1992,NEW YORK_1992,33
North Carolina,1992,NORTH CAROLINA_1992,14
North Dakota,1992,NORTH DAKOTA_1992,3
Ohio,1992,OHIO_1992,21
Oklahoma,1992,OKLAHOMA_1992,8
Oregon,1992,OREGON_1992,7
Pennsylvania,1992,PENNSYLVANIA_1992,23
Rhode Island,1992,RHODE ISLAND_1992,4
South Carolina,1992,SOUTH CAROLINA_1992,8
South Dakota,1992,SOUTH DAKOTA_1992,3
Tennessee,1992,TENNESSEE_1992,11
Texas,1992,TEXAS_1992,32
Utah,1992,UTAH_1992,5
Vermont,1992,VERMONT_1992,3
Virginia,1992,VIRGINIA_1992,13
Washington,1992,WASHINGTON_1992,11
West Virginia,1992,WEST VIRGINIA_1992,5
Wisconsin,1992,WISCONSIN_1992,11
Wyoming,1992,WYOMING_1992,3
Alabama,1996,ALABAMA_1996,9
Alaska,1996,ALASKA_1996,3
Arizona,1996,ARIZONA_1996,8
Arkansas,1996,ARKANSAS_1996,6
California,1996,CALIFORNIA_1996,54
Colorado,1996,COLORADO_1996,8
Connecticut,1996,CONNECTICUT_1996,8
Delaware,1996,DELAWARE_1996,3
DC,1996,DC_1996,3
Florida,1996,FLORIDA_1996,25
Georgia,1996,GEORGIA_1996,13
Hawaii,1996,HAWAII_1996,4
Idaho,1996,IDAHO_1996,4
Illinois,1996,ILLINOIS_1996,22
Indiana,1996,INDIANA_1996,12
Iowa,1996,IOWA_1996,7
Kansas,1996,KANSAS_1996,6
Kentucky,1996,KENTUCKY_1996,8
Louisiana,1996,LOUISIANA_1996,9
Maine,1996,MAINE_1996,4
Maryland,1996,MARYLAND_1996,10
Massachusetts,1996,MASSACHUSETTS_1996,12
Michigan,1996,MICHIGAN_1996,18
Minnesota,1996,MINNESOTA_1996,10
Mississippi,1996,MISSISSIPPI_1996,7
Missouri,1996,MISSOURI_1996,11
Montana,1996,MONTANA_1996,3
Nebraska,1996,NEBRASKA_1996,5
Nevada,1996,NEVADA_1996,4
New Hampshire,1996,NEW HAMPSHIRE_1996,4
New Jersey,1996,NEW JERSEY_1996,15
New Mexico,1996,NEW MEXICO_1996,5
New York,1996,NEW YORK_1996,33
North Carolina,1996,NORTH CAROLINA_1996,14
North Dakota,1996,NORTH DAKOTA_1996,3
Ohio,1996,OHIO_1996,21
Oklahoma,1996,OKLAHOMA_1996,8
Oregon,1996,OREGON_1996,7
Pennsylvania,1996,PENNSYLVANIA_1996,23
Rhode Island,1996,RHODE ISLAND_1996,4
South Carolina,1996,SOUTH CAROLINA_1996,8
South Dakota,1996,SOUTH DAKOTA_1996,3
Tennessee,1996,TENNESSEE_1996,11
Texas,1996,TEXAS_1996,32
Utah,1996,UTAH_1996,5
Vermont,1996,VERMONT_1996,3
Virginia,1996,VIRGINIA_1996,13
Washington,1996,WASHINGTON_1996,11
West Virginia,1996,WEST VIRGINIA_1996,5
Wisconsin,1996,WISCONSIN_1996,11
Wyoming,1996,WYOMING_1996,3
Alabama,2000,ALABAMA_2000,9
Alaska,2000,ALASKA_2000,3
Arizona,2000,ARIZONA_2000,8
Arkansas,2000,ARKANSAS_2000,6
California,2000,CALIFORNIA_2000,54
Colorado,2000,COLORADO_2000,8
Connecticut,2000,CONNECTICUT_2000,8
Delaware,2000,DELAWARE_2000,3
DC,2000,DC_2000,3
Florida,2000,FLORIDA_2000,25
Georgia,2000,GEORGIA_2000,13
Hawaii,2000,HAWAII_2000,4
Idaho,2000,IDAHO_2000,4
Illinois,2000,ILLINOIS_2000,22
Indiana,2000,INDIANA_2000,12
Iowa,2000,IOWA_2000,7
Kansas,2000,KANSAS_2000,6
Kentucky,2000,KENTUCKY_2000,8
Louisiana,2000,LOUISIANA_2000,9
Maine,2000,MAINE_2000,4
Maryland,2000,MARYLAND_2000,10
Massachusetts,2000,MASSACHUSETTS_2000,12
Michigan,2000,MICHIGAN_2000,18
Minnesota,2000,MINNESOTA_2000,10
Mississippi,2000,MISSISSIPPI_2000,7
Missouri,2000,MISSOURI_2000,11
Montana,2000,MONTANA_2000,3
Nebraska,2000,NEBRASKA_2000,5
Nevada,2000,NEVADA_2000,4
New Hampshire,2000,NEW HAMPSHIRE_2000,4
New Jersey,2000,NEW JERSEY_2000,15
New Mexico,2000,NEW MEXICO_2000,5
New York,2000,NEW YORK_2000,33
North Carolina,2000,NORTH CAROLINA_2000,14
North Dakota,2000,NORTH DAKOTA_2000,3
Ohio,2000,OHIO_2000,21
Oklahoma,2000,OKLAHOMA_2000,8
Oregon,2000,OREGON_2000,7
Pennsylvania,2000,PENNSYLVANIA_2000,23
Rhode Island,2000,RHODE ISLAND_2000,4
South Carolina,2000,SOUTH CAROLINA_2000,8
South Dakota,2000,SOUTH DAKOTA_2000,3
Tennessee,2000,TENNESSEE_2000,11
Texas,2000,TEXAS_2000,32
Utah,2000,UTAH_2000,5
Vermont,2000,VERMONT_2000,3
Virginia,2000,VIRGINIA_2000,13
Washington,2000,WASHINGTON_2000,11
West Virginia,2000,WEST VIRGINIA_2000,5
Wisconsin,2000,WISCONSIN_2000,11
Wyoming,2000,WYOMING_2000,3
Alabama,2004,ALABAMA_2004,9
Alaska,2004,ALASKA_2004,3
Arizona,2004,ARIZONA_2004,10
Arkansas,2004,ARKANSAS_2004,6
California,2004,CALIFORNIA_2004,55
Colorado,2004,COLORADO_2004,9
Connecticut,2004,CONNECTICUT_2004,7
Delaware,2004,DELAWARE_2004,3
DC,2004,DC_2004,3
Florida,2004,FLORIDA_2004,27
Georgia,2004,GEORGIA_2004,15
Hawaii,2004,HAWAII_2004,4
Idaho,2004,IDAHO_2004,4
Illinois,2004,ILLINOIS_2004,21
Indiana,2004,INDIANA_2004,11
Iowa,2004,IOWA_2004,7
Kansas,2004,KANSAS_2004,6
Kentucky,2004,KENTUCKY_2004,8
Louisiana,2004,LOUISIANA_2004,9
Maine,2004,MAINE_2004,4
Maryland,2004,MARYLAND_2004,10
Massachusetts,2004,MASSACHUSETTS_2004,12
Michigan,2004,MICHIGAN_2004,17
Minnesota,2004,MINNESOTA_2004,10
Mississippi,2004,MISSISSIPPI_2004,6
Missouri,2004,MISSOURI_2004,11
Montana,2004,MONTANA_2004,3
Nebraska,2004,NEBRASKA_2004,5
Nevada,2004,NEVADA_2004,5
New Hampshire,2004,NEW HAMPSHIRE_2004,4
New Jersey,2004,NEW JERSEY_2004,15
New Mexico,2004,NEW MEXICO_2004,5
New York,2004,NEW YORK_2004,31
North Carolina,2004,NORTH CAROLINA_2004,15
North Dakota,2004,NORTH DAKOTA_2004,3
Ohio,2004,OHIO_2004,20
Oklahoma,2004,OKLAHOMA_2004,7
Oregon,2004,OREGON_2004,7
Pennsylvania,2004,PENNSYLVANIA_2004,21
Rhode Island,2004,RHODE ISLAND_2004,4
South Carolina,2004,SOUTH CAROLINA_2004,8
South Dakota,2004,SOUTH DAKOTA_2004,3
Tennessee,2004,TENNESSEE_2004,11
Texas,2004,TEXAS_2004,34
Utah,2004,UTAH_2004,5
Vermont,2004,VERMONT_2004,3
Virginia,2004,VIRGINIA_2004,13
Washington,2004,WASHINGTON_2004,11
West Virginia,2004,WEST VIRGINIA_2004,5
Wisconsin,2004,WISCONSIN_2004,10
Wyoming,2004,WYOMING_2004,3
Alabama,2008,ALABAMA_2008,9
Alaska,2008,ALASKA_2008,3
Arizona,2008,ARIZONA_2008,10
Arkansas,2008,ARKANSAS_2008,6
California,2008,CALIFORNIA_2008,55
Colorado,2008,COLORADO_2008,9
Connecticut,2008,CONNECTICUT_2008,7
Delaware,2008,DELAWARE_2008,3
DC,2008,DC_2008,3
Florida,2008,FLORIDA_2008,27
Georgia,2008,GEORGIA_2008,15
Hawaii,2008,HAWAII_2008,4
Idaho,2008,IDAHO_2008,4
Illinois,2008,ILLINOIS_2008,21
Indiana,2008,INDIANA_2008,11
Iowa,2008,IOWA_2008,7
Kansas,2008,KANSAS_2008,6
Kentucky,2008,KENTUCKY_2008,8
Louisiana,2008,LOUISIANA_2008,9
Maine,2008,MAINE_2008,4
Maryland,2008,MARYLAND_2008,10
Massachusetts,2008,MASSACHUSETTS_2008,12
Michigan,2008,MICHIGAN_2008,17
Minnesota,2008,MINNESOTA_2008,10
Mississippi,2008,MISSISSIPPI_2008,6
Missouri,2008,MISSOURI_2008,11
Montana,2008,MONTANA_2008,3
Nebraska,2008,NEBRASKA_2008,5
Nevada,2008,NEVADA_2008,5
New Hampshire,2008,NEW HAMPSHIRE_2008,4
New Jersey,2008,NEW JERSEY_2008,15
New Mexico,2008,NEW MEXICO_2008,5
New York,2008,NEW YORK_2008,31
North Carolina,2008,NORTH CAROLINA_2008,15
North Dakota,2008,NORTH DAKOTA_2008,3
Ohio,2008,OHIO_2008,20
Oklahoma,2008,OKLAHOMA_2008,7
Oregon,2008,OREGON_2008,7
Pennsylvania,2008,PENNSYLVANIA_2008,21
Rhode Island,2008,RHODE ISLAND_2008,4
South Carolina,2008,SOUTH CAROLINA_2008,8
South Dakota,2008,SOUTH DAKOTA_2008,3
Tennessee,2008,TENNESSEE_2008,11
Texas,2008,TEXAS_2008,34
Utah,2008,UTAH_2008,5
Vermont,2008,VERMONT_2008,3
Virginia,2008,VIRGINIA_2008,13
Washington,2008,WASHINGTON_2008,11
West Virginia,2008,WEST VIRGINIA_2008,5
Wisconsin,2008,WISCONSIN_2008,10
Wyoming,2008,WYOMING_2008,3
Alabama,2012,ALABAMA_2012,9
Alaska,2012,ALASKA_2012,3
Arizona,2012,ARIZONA_2012,11
Arkansas,2012,ARKANSAS_2012,6
California,2012,CALIFORNIA_2012,55
Colorado,2012,COLORADO_2012,9
Connecticut,2012,CONNECTICUT_2012,7
Delaware,2012,DELAWARE_2012,3
DC,2012,DC_2012,3
Florida,2012,FLORIDA_2012,29
Georgia,2012,GEORGIA_2012,16
Hawaii,2012,HAWAII_2012,4
Idaho,2012,IDAHO_2012,4
Illinois,2012,ILLINOIS_2012,20
Indiana,2012,INDIANA_2012,11
Iowa,2012,IOWA_2012,6
Kansas,2012,KANSAS_2012,6
Kentucky,2012,KENTUCKY_2012,8
Louisiana,2012,LOUISIANA_2012,8
Maine,2012,MAINE_2012,4
Maryland,2012,MARYLAND_2012,10
Massachusetts,2012,MASSACHUSETTS_2012,11
Michigan,2012,MICHIGAN_2012,16
Minnesota,2012,MINNESOTA_2012,10
Mississippi,2012,MISSISSIPPI_2012,6
Missouri,2012,MISSOURI_2012,10
Montana,2012,MONTANA_2012,3
Nebraska,2012,NEBRASKA_2012,5
Nevada,2012,NEVADA_2012,6
New Hampshire,2012,NEW HAMPSHIRE_2012,4
New Jersey,2012,NEW JERSEY_2012,14
New Mexico,2012,NEW MEXICO_2012,5
New York,2012,NEW YORK_2012,29
North Carolina,2012,NORTH CAROLINA_2012,15
North Dakota,2012,NORTH DAKOTA_2012,3
Ohio,2012,OHIO_2012,18
Oklahoma,2012,OKLAHOMA_2012,7
Oregon,2012,OREGON_2012,7
Pennsylvania,2012,PENNSYLVANIA_2012,20
Rhode Island,2012,RHODE ISLAND_2012,4
South Carolina,2012,SOUTH CAROLINA_2012,9
South Dakota,2012,SOUTH DAKOTA_2012,3
Tennessee,2012,TENNESSEE_2012,11
Texas,2012,TEXAS_2012,38
Utah,2012,UTAH_2012,6
Vermont,2012,VERMONT_2012,3
Virginia,2012,VIRGINIA_2012,13
Washington,2012,WASHINGTON_2012,12
West Virginia,2012,WEST VIRGINIA_2012,5
Wisconsin,2012,WISCONSIN_2012,10
Wyoming,2012,WYOMING_2012,3
Alabama,2016,ALABAMA_2016,9
Alaska,2016,ALASKA_2016,3
Arizona,2016,ARIZONA_2016,11
Arkansas,2016,ARKANSAS_2016,6
California,2016,CALIFORNIA_2016,55
Colorado,2016,COLORADO_2016,9
Connecticut,2016,CONNECTICUT_2016,7
Delaware,2016,DELAWARE_2016,3
DC,2016,DC_2016,3
Florida,2016,FLORIDA_2016,29
Georgia,2016,GEORGIA_2016,16
Hawaii,2016,HAWAII_2016,4
Idaho,2016,IDAHO_2016,4
Illinois,2016,ILLINOIS_2016,20
Indiana,2016,INDIANA_2016,11
Iowa,2016,IOWA_2016,6
Kansas,2016,KANSAS_2016,6
Kentucky,2016,KENTUCKY_2016,8
Louisiana,2016,LOUISIANA_2016,8
Maine,2016,MAINE_2016,4
Maryland,2016,MARYLAND_2016,10
Massachusetts,2016,MASSACHUSETTS_2016,11
Michigan,2016,MICHIGAN_2016,16
Minnesota,2016,MINNESOTA_2016,10
Mississippi,2016,MISSISSIPPI_2016,6
Missouri,2016,MISSOURI_2016,10
Montana,2016,MONTANA_2016,3
Nebraska,2016,NEBRASKA_2016,5
Nevada,2016,NEVADA_2016,6
New Hampshire,2016,NEW HAMPSHIRE_2016,4
New Jersey,2016,NEW JERSEY_2016,14
New Mexico,2016,NEW MEXICO_2016,5
New York,2016,NEW YORK_2016,29
North Carolina,2016,NORTH CAROLINA_2016,15
North Dakota,2016,NORTH DAKOTA_2016,3
Ohio,2016,OHIO_2016,18
Oklahoma,2016,OKLAHOMA_2016,7
Oregon,2016,OREGON_2016,7
Pennsylvania,2016,PENNSYLVANIA_2016,20
Rhode Island,2016,RHODE ISLAND_2016,4
South Carolina,2016,SOUTH CAROLINA_2016,9
South Dakota,2016,SOUTH DAKOTA_2016,3
Tennessee,2016,TENNESSEE_2016,11
Texas,2016,TEXAS_2016,38
Utah,2016,UTAH_2016,6
Vermont,2016,VERMONT_2016,3
Virginia,2016,VIRGINIA_2016,13
Washington,2016,WASHINGTON_2016,12
West Virginia,2016,WEST VIRGINIA_2016,5
Wisconsin,2016,WISCONSIN_2016,10
Wyoming,2016,WYOMING_2016,3
Alabama,2020,ALABAMA_2020,9
Alaska,2020,ALASKA_2020,3
Arizona,2020,ARIZONA_2020,11
Arkansas,2020,ARKANSAS_2020,6
California,2020,CALIFORNIA_2020,55
Colorado,2020,COLORADO_2020,9
Connecticut,2020,CONNECTICUT_2020,7
Delaware,2020,DELAWARE_2020,3
DC,2020,DC_2020,3
Florida,2020,FLORIDA_2020,29
Georgia,2020,GEORGIA_2020,16
Hawaii,2020,HAWAII_2020,4
Idaho,2020,IDAHO_2020,4
Illinois,2020,ILLINOIS_2020,20
Indiana,2020,INDIANA_2020,11
Iowa,2020,IOWA_2020,6
Kansas,2020,KANSAS_2020,6
Kentucky,2020,KENTUCKY_2020,8
Louisiana,2020,LOUISIANA_2020,8
Maine,2020,MAINE_2020,4
Maryland,2020,MARYLAND_2020,10
Massachusetts,2020,MASSACHUSETTS_2020,11
Michigan,2020,MICHIGAN_2020,16
Minnesota,2020,MINNESOTA_2020,10
Mississippi,2020,MISSISSIPPI_2020,6
Missouri,2020,MISSOURI_2020,10
Montana,2020,MONTANA_2020,3
Nebraska,2020,NEBRASKA_2020,5
Nevada,2020,NEVADA_2020,6
New Hampshire,2020,NEW HAMPSHIRE_2020,4
New Jersey,2020,NEW JERSEY_2020,14
New Mexico,2020,NEW MEXICO_2020,5
New York,2020,NEW YORK_2020,29
North Carolina,2020,NORTH CAROLINA_2020,15
North Dakota,2020,NORTH DAKOTA_2020,3
Ohio,2020,OHIO_2020,18
Oklahoma,2020,OKLAHOMA_2020,7
Oregon,2020,OREGON_2020,7
Pennsylvania,2020,PENNSYLVANIA_2020,20
Rhode Island,2020,RHODE ISLAND_2020,4
South Carolina,2020,SOUTH CAROLINA_2020,9
South Dakota,2020,SOUTH DAKOTA_2020,3
Tennessee,2020,TENNESSEE_2020,11
Texas,2020,TEXAS_2020,38
Utah,2020,UTAH_2020,6
Vermont,2020,VERMONT_2020,3
Virginia,2020,VIRGINIA_2020,13
Washington,2020,WASHINGTON_2020,12
West Virginia,2020,WEST VIRGINIA_2020,5
Wisconsin,2020,WISCONSIN_2020,10
Wyoming,2020,WYOMING_2020,3